ID_Buku,Judul_Buku,Author,Jumlah_Buku,Tahun_Penerbit,Kategori
1012,puisi bagaimana itu ini,andi ando,78,2001,sastra 
1013,janjimu itu dimana,kalila randi,13,2004,sastra
1014,tangga kasta bahasa,pandi rudi,27,1991,sastra
1015,bahasaku bahasamu,jak sududi,34,1982,sastra
1016,kumpulan puisi kalula,kalula rindi,56,1987,sastra
1017,romansa muda,posei tati,112,2000,sastra
1018,hikayat hikayat cinta,rosa bunga,23,1999,sastra
1019,gurindam dan temannya,kitung tandi,45,1990,sastra
1020,prosaku untuknya,yurika syahlil,88,2010,sastra
2011,apakah kita simulasi,anggi tata,1,2007,sains
2012,atom dan sel,putri yuli,17,2016,sains
2013,bahan penyusun bumi,vidi hardi,89,2003,sains
2014,tingkatan kuantum,yosan basil,99,2004,sains
2015,kekekalan energi,judan jasidia,8,1978,sains
2016,difraksi gelombang,kandi disi,77,1999,sains
2017,teori inflasi,mozart agung,65,1986,sains
2018,patologi sosial,benedik sunarya,1,1945,sains
2019,kontur tanah planet galaksi bimasakti,rifki suhayat,8,2000,sains
2020,peta dunia atlantis,eka thy,42,1995,sains
3011,charuto,masyashi,60,2001,manga
3012,detektif kanon,yasonawa,90,2003,manga
3013,beach,utsuzuki,14,2007,manga
3014,kapitan shizuka,narashikamaru,20,2010,manga
3015,doraremon,agungo,6,2001,manga
3016,fairyhead,saturinio,78,2000,manga
3017,two pieces,yuriono,43,2004,manga
3018,krayonkuncoro,juki,21,1999,manga
3019,mastaro,haruka,48,1991,manga
3020,sukurochan,wibawa,8,2000,manga
4011,sejarah jawa,syahri uji,23,1987,sejarah
4012,perang dunia dua,andi budi,65,1997,sejarah
4013,perkembangan kapitalis,anggi sudi,32,1998,sejarah
4014,apartheid di afrika,jingga oranye,12,2001,sejarah
4015,pembentukan asean,saputro,14,2013,sejarah
4016,devide et impera,yasi sungih,34,2012,sejarah
4017,agresi militer mongolia,judiga ambi,12,1998,sejarah
4018,peradaban mesir,puti suhay,14,1980,sejarah
4019,jazirah arab,puti suhay,19,1990,sejarah
4020,mesir kuno,sunggih jadik,98,1960,sejarah
5011,fungsi dan prosedur,kevin alim,20,2000,programming
5012,pintar python,sasa liem,12,2010,programming
5013,cara berpikir komputasional,david funk,9,2009,programming
5014,web design,tugus rendra,87,2010,programming
5015,visualisasi data,thomas j,98,2011,programming
5016,struktur algoritmik,alma hartono,87,2012,programming
5017,ui dan ux desainer,annisa huli,17,2011,programming
5018,analisis data,chelsea tui,76,1999,programming
5019,jenis syntax,putu dewi,6,2016,programming
5020,mari belajar programming,nur aulia,9,2008,programming