Nama,Alamat,Username,Password,Role
admin,admin,admin,admin,admin
Vidi,tamalate 7 no. 10,vidiip4,vd123,user
putri,cikapundung 7 no 1,putriaja,sayang,user
yuli,cihampelas 5 no 23,yulianti,anti,user
arif,cisitu 38 no 29,ariaja,ani,user
apar,cihampelas 4 no 9,apar173,aparaja,user
jori,cisitu 5 no 4,joriip4,jorisay,user
putra,cibadung 3 no 9,putra123,putraputri,user
moto,cilacap 72 no 29,moto123,motosyg,user
cai,cisitu baru 28 no 19,caicai,caicai58,user
gufos,taman sari 2 no 29,gufos13,guf238,user
rifqi,dayang sumbi 5 no 19,rfqi58,rifqisaja,user
jona,dayang sumbi 82 no 21,jonathan,jojo23,user
adi,lembang 5 no 6,adisaput,adi58,user
eka,cibaduyut 5 no 1,ekakwe,eka123,user
anti,ganesha 5 no 3,antiya,antidoang,user
gilang,taman sari 4 no 8,galangsi,galangan,user
basil,mutiara kasih 5 no 29,basilius,basil01,user
shiba,gelutut 5 no 29,shiba53,shibakwe,user
zeila,ganesha 5 no 29,zeilasha,zeinya1,user
sius,asia afrika 12 no 28,presidensius,sidensius01,user
fery,cisitu lama 6 no 28,fferry,fry12,user
fauzi,cisitu indah 28 no 1,uci12,ucil282,user
mawan,dago atas 283 no 2,mawansari,wanan21,user
ishan,dago asri 28 no 10,ishania,ishan12,user
rehan,cisitu baru 2 no 192,redi,rehanadi,user
aloysia,ganesha 5 no 23,alysia,aloy29,user
ahmad,asia afrika 9 no 123,ahmad28,ahmad1,user
raval,cimahi 3 no 92,ravalian,ravasi,user
intan,dago asri 23 no 10,intania,intan32,user
baskoro,cisitu 27 no 1,koro1,baskoro23,user
kiki,cisitu lama 42 no 3,kiki18,kiki21,user
rahmat,cihampelas 23 no 12,rahmat2,rahmat01,user
ibe,riuang bandung 82 no 12,ibe5,ibe01,user
difa, cihampelas 8 no 9, difachm, difacans, user
habib,cisitu lila 4 no 3, habbibi, hahabib, user
rahman,cisitu cepat 8 no 7, rahman787,rahmanskuy,user
annisa,cileungsi 7 no 9,annisasa,sasanisa,user
nisma,cibadung kulon 8 no 2,nismara,sanisma,user
asin,cileunyi 7 no 2,asinchantique,asinsinsin,user
cecep,awiligar utara 3 no 4,ceceps,cecepgans,user
taylormc,london 7 no 6,taylormclau,deretmantap,user
halliday, resnick 7 no 9,fidasmantap,indeksa,user
purcell,cisitu indah 2 no 4,purcellove,pupurce,user
raymond,cisitu lama 3 no 8, raymonddues,kimiaa,user
jilan,awi ligar kulon 3 no 7,jilanskuy,jijilalan,user
hilman,cibadak wetan 3 no 5,hilmansya,hihilman,user
sonay,buah batu 6 no 6,sonayra,tatataya,user
idoysuga,himalaya permai 5 no 4,dododoysugs,idoyys,user
taylorswift,batu agnung 4 no 8,siwfties,swiftuy,user
moart,nada 6  no 09,zartlove,zazazamort,user
kintan,gumilar 6 no 8,kintanskuy,kintansa,user
agung,dago gersang 7 no 9,gungagung,gugugungkuy,user
jilani,lengkong besar 4 no 6,jilaniskuy,jilancans,user
basilius,lengkong kecil  3 no 8, basilieus, basileur,user
jorina,tubis utara 4 no 9,jorinacans,jorichan,user
firas,tubis raya 6 no 7,firaas,firasa,user
daffa,tubagus ismail jaya 8 no 9,daafffa,fafadada,user
huruka,samsudin 6 no 9,huruharaka,huhurururu,user